[{"date":"","itemType":"artwork","abstractNote":"","artworkSize":"","libraryCatalog":"","creators":[{"firstName":"","lastName":"","creatorType":"artist"}],"language":"","archive":"","shortTitle":"","title":"","url":"","tags":[],"accessDate":"","callNumber":"","collections":[],"rights":"","extra":"","archiveLocation":"","relations":{},"artworkMedium":""},{"date":"","itemType":"audioRecording","creators":[{"firstName":"","lastName":"","creatorType":"performer"}],"audioRecordingFormat":"","language":"","shortTitle":"","title":"","seriesTitle":"","ISBN":"","accessDate":"","collections":[],"rights":"","extra":"","archiveLocation":"","place":"","abstractNote":"","libraryCatalog":"","numberOfVolumes":"","archive":"","label":"","runningTime":"","url":"","tags":[],"volume":"","callNumber":"","relations":{}},{"date":"","codePages":"","itemType":"bill","abstractNote":"","code":"","creators":[{"firstName":"","lastName":"","creatorType":"sponsor"}],"session":"","codeVolume":"","section":"","language":"","history":"","shortTitle":"","title":"","url":"","tags":[],"accessDate":"","collections":[],"rights":"","extra":"","billNumber":"","relations":{},"legislativeBody":""},{"date":"","itemType":"blogPost","abstractNote":"","creators":[{"firstName":"","lastName":"","creatorType":"author"}],"language":"","shortTitle":"","title":"","url":"","blogTitle":"","websiteType":"","tags":[],"accessDate":"","collections":[],"rights":"","extra":"","relations":{}},{"date":"","itemType":"book","creators":[{"firstName":"","lastName":"","creatorType":"author"}],"edition":"","language":"","shortTitle":"","title":"","numPages":"","ISBN":"","accessDate":"","collections":[],"rights":"","extra":"","archiveLocation":"","place":"","abstractNote":"","libraryCatalog":"","numberOfVolumes":"","archive":"","seriesNumber":"","url":"","tags":[],"volume":"","callNumber":"","series":"","publisher":"","relations":{}},{"date":"","itemType":"bookSection","creators":[{"firstName":"","lastName":"","creatorType":"author"}],"edition":"","language":"","shortTitle":"","title":"","pages":"","ISBN":"","accessDate":"","collections":[],"rights":"","extra":"","archiveLocation":"","place":"","abstractNote":"","libraryCatalog":"","numberOfVolumes":"","archive":"","seriesNumber":"","url":"","tags":[],"volume":"","callNumber":"","series":"","publisher":"","relations":{},"bookTitle":""},{"reporterVolume":"","itemType":"case","abstractNote":"","creators":[{"firstName":"","lastName":"","creatorType":"author"}],"dateDecided":"","reporter":"","language":"","history":"","shortTitle":"","court":"","url":"","tags":[],"firstPage":"","accessDate":"","collections":[],"rights":"","extra":"","caseName":"","relations":{},"docketNumber":""},{"date":"","itemType":"computerProgram","abstractNote":"","libraryCatalog":"","creators":[{"firstName":"","lastName":"","creatorType":"programmer"}],"programmingLanguage":"","archive":"","shortTitle":"","title":"","versionNumber":"","url":"","seriesTitle":"","tags":[],"system":"","ISBN":"","accessDate":"","callNumber":"","collections":[],"rights":"","extra":"","archiveLocation":"","company":"","place":"","relations":{}},{"date":"","itemType":"conferencePaper","creators":[{"firstName":"","lastName":"","creatorType":"author"}],"language":"","shortTitle":"","title":"","pages":"","ISBN":"","accessDate":"","collections":[],"rights":"","extra":"","archiveLocation":"","place":"","DOI":"","abstractNote":"","conferenceName":"","libraryCatalog":"","archive":"","url":"","tags":[],"volume":"","callNumber":"","series":"","proceedingsTitle":"","publisher":"","relations":{}},{"date":"","itemType":"dictionaryEntry","creators":[{"firstName":"","lastName":"","creatorType":"author"}],"edition":"","language":"","shortTitle":"","title":"","pages":"","ISBN":"","accessDate":"","collections":[],"rights":"","extra":"","archiveLocation":"","place":"","abstractNote":"","libraryCatalog":"","numberOfVolumes":"","dictionaryTitle":"","archive":"","seriesNumber":"","url":"","tags":[],"volume":"","callNumber":"","series":"","publisher":"","relations":{}},{"date":"","itemType":"document","abstractNote":"","libraryCatalog":"","creators":[{"firstName":"","lastName":"","creatorType":"author"}],"language":"","archive":"","shortTitle":"","title":"","url":"","tags":[],"accessDate":"","callNumber":"","collections":[],"rights":"","extra":"","archiveLocation":"","publisher":"","relations":{}},{"date":"","itemType":"email","abstractNote":"","subject":"","creators":[{"firstName":"","lastName":"","creatorType":"author"}],"language":"","shortTitle":"","url":"","tags":[],"accessDate":"","collections":[],"rights":"","extra":"","relations":{}},{"date":"","itemType":"encyclopediaArticle","creators":[{"firstName":"","lastName":"","creatorType":"author"}],"edition":"","language":"","shortTitle":"","title":"","pages":"","ISBN":"","accessDate":"","collections":[],"rights":"","extra":"","archiveLocation":"","encyclopediaTitle":"","place":"","abstractNote":"","libraryCatalog":"","numberOfVolumes":"","archive":"","seriesNumber":"","url":"","tags":[],"volume":"","callNumber":"","series":"","publisher":"","relations":{}},{"date":"","itemType":"film","abstractNote":"","libraryCatalog":"","creators":[{"firstName":"","lastName":"","creatorType":"director"}],"language":"","archive":"","runningTime":"","shortTitle":"","title":"","distributor":"","url":"","tags":[],"accessDate":"","callNumber":"","collections":[],"rights":"","extra":"","genre":"","archiveLocation":"","videoRecordingFormat":"","relations":{}},{"date":"","itemType":"forumPost","abstractNote":"","postType":"","creators":[{"firstName":"","lastName":"","creatorType":"author"}],"forumTitle":"","language":"","shortTitle":"","title":"","url":"","tags":[],"accessDate":"","collections":[],"rights":"","extra":"","relations":{}},{"date":"","itemType":"hearing","abstractNote":"","committee":"","creators":[{"firstName":"","lastName":"","creatorType":"contributor"}],"numberOfVolumes":"","documentNumber":"","session":"","language":"","history":"","shortTitle":"","title":"","url":"","tags":[],"pages":"","accessDate":"","collections":[],"rights":"","extra":"","publisher":"","place":"","relations":{},"legislativeBody":""},{"date":"","itemType":"instantMessage","abstractNote":"","creators":[{"firstName":"","lastName":"","creatorType":"author"}],"language":"","shortTitle":"","title":"","url":"","tags":[],"accessDate":"","collections":[],"rights":"","extra":"","relations":{}},{"date":"","itemType":"interview","abstractNote":"","libraryCatalog":"","creators":[{"firstName":"","lastName":"","creatorType":"interviewee"}],"language":"","archive":"","shortTitle":"","title":"","url":"","tags":[],"accessDate":"","interviewMedium":"","callNumber":"","collections":[],"rights":"","extra":"","archiveLocation":"","relations":{}},{"date":"","itemType":"journalArticle","seriesText":"","creators":[{"firstName":"","lastName":"","creatorType":"author"}],"language":"","shortTitle":"","title":"","seriesTitle":"","journalAbbreviation":"","pages":"","accessDate":"","collections":[],"rights":"","extra":"","archiveLocation":"","DOI":"","abstractNote":"","issue":"","libraryCatalog":"","ISSN":"","archive":"","publicationTitle":"","url":"","tags":[],"volume":"","callNumber":"","series":"","relations":{}},{"date":"","itemType":"letter","abstractNote":"","libraryCatalog":"","creators":[{"firstName":"","lastName":"","creatorType":"author"}],"language":"","archive":"","shortTitle":"","title":"","url":"","tags":[],"accessDate":"","callNumber":"","collections":[],"rights":"","extra":"","archiveLocation":"","relations":{},"letterType":""},{"date":"","itemType":"magazineArticle","abstractNote":"","issue":"","libraryCatalog":"","creators":[{"firstName":"","lastName":"","creatorType":"author"}],"ISSN":"","language":"","archive":"","shortTitle":"","title":"","publicationTitle":"","url":"","tags":[],"volume":"","pages":"","accessDate":"","callNumber":"","collections":[],"rights":"","extra":"","archiveLocation":"","relations":{}},{"date":"","manuscriptType":"","itemType":"manuscript","abstractNote":"","libraryCatalog":"","creators":[{"firstName":"","lastName":"","creatorType":"author"}],"language":"","archive":"","shortTitle":"","title":"","url":"","tags":[],"numPages":"","accessDate":"","callNumber":"","collections":[],"rights":"","extra":"","archiveLocation":"","place":"","relations":{}},{"date":"","itemType":"map","creators":[{"firstName":"","lastName":"","creatorType":"cartographer"}],"scale":"","edition":"","language":"","shortTitle":"","title":"","seriesTitle":"","ISBN":"","accessDate":"","collections":[],"rights":"","extra":"","archiveLocation":"","place":"","abstractNote":"","libraryCatalog":"","mapType":"","archive":"","url":"","tags":[],"callNumber":"","publisher":"","relations":{}},{"date":"","itemType":"newspaperArticle","abstractNote":"","libraryCatalog":"","creators":[{"firstName":"","lastName":"","creatorType":"author"}],"ISSN":"","edition":"","section":"","language":"","archive":"","shortTitle":"","title":"","publicationTitle":"","url":"","tags":[],"pages":"","accessDate":"","callNumber":"","collections":[],"rights":"","extra":"","archiveLocation":"","place":"","relations":{}},{"country":"","itemType":"patent","references":"","filingDate":"","applicationNumber":"","creators":[{"firstName":"","lastName":"","creatorType":"inventor"}],"language":"","shortTitle":"","title":"","pages":"","accessDate":"","collections":[],"rights":"","extra":"","place":"","issueDate":"","abstractNote":"","patentNumber":"","legalStatus":"","url":"","priorityNumbers":"","tags":[],"issuingAuthority":"","assignee":"","relations":{}},{"itemType":"podcast","abstractNote":"","creators":[{"firstName":"","lastName":"","creatorType":"podcaster"}],"language":"","runningTime":"","shortTitle":"","title":"","episodeNumber":"","url":"","seriesTitle":"","tags":[],"accessDate":"","collections":[],"audioFileType":"","rights":"","extra":"","relations":{}},{"date":"","itemType":"presentation","abstractNote":"","creators":[{"firstName":"","lastName":"","creatorType":"presenter"}],"language":"","shortTitle":"","title":"","url":"","tags":[],"meetingName":"","accessDate":"","collections":[],"rights":"","extra":"","place":"","relations":{},"presentationType":""},{"date":"","itemType":"radioBroadcast","abstractNote":"","libraryCatalog":"","creators":[{"firstName":"","lastName":"","creatorType":"director"}],"audioRecordingFormat":"","language":"","archive":"","runningTime":"","shortTitle":"","title":"","episodeNumber":"","url":"","network":"","tags":[],"programTitle":"","accessDate":"","callNumber":"","collections":[],"rights":"","extra":"","archiveLocation":"","place":"","relations":{}},{"date":"","itemType":"report","abstractNote":"","libraryCatalog":"","creators":[{"firstName":"","lastName":"","creatorType":"author"}],"reportNumber":"","language":"","archive":"","shortTitle":"","title":"","url":"","seriesTitle":"","tags":[],"reportType":"","institution":"","pages":"","accessDate":"","callNumber":"","collections":[],"rights":"","extra":"","archiveLocation":"","place":"","relations":{}},{"itemType":"statute","abstractNote":"","code":"","creators":[{"firstName":"","lastName":"","creatorType":"author"}],"session":"","section":"","language":"","history":"","shortTitle":"","codeNumber":"","url":"","tags":[],"dateEnacted":"","publicLawNumber":"","nameOfAct":"","pages":"","accessDate":"","collections":[],"rights":"","extra":"","relations":{}},{"date":"","itemType":"tvBroadcast","abstractNote":"","libraryCatalog":"","creators":[{"firstName":"","lastName":"","creatorType":"director"}],"language":"","archive":"","runningTime":"","shortTitle":"","title":"","episodeNumber":"","url":"","network":"","tags":[],"programTitle":"","accessDate":"","callNumber":"","collections":[],"rights":"","extra":"","archiveLocation":"","videoRecordingFormat":"","place":"","relations":{}},{"date":"","itemType":"thesis","abstractNote":"","libraryCatalog":"","creators":[{"firstName":"","lastName":"","creatorType":"author"}],"university":"","thesisType":"","language":"","archive":"","shortTitle":"","title":"","url":"","tags":[],"numPages":"","accessDate":"","callNumber":"","collections":[],"rights":"","extra":"","archiveLocation":"","place":"","relations":{}},{"studio":"","date":"","itemType":"videoRecording","creators":[{"firstName":"","lastName":"","creatorType":"director"}],"language":"","shortTitle":"","title":"","seriesTitle":"","ISBN":"","accessDate":"","collections":[],"rights":"","extra":"","archiveLocation":"","place":"","abstractNote":"","libraryCatalog":"","numberOfVolumes":"","archive":"","runningTime":"","url":"","tags":[],"volume":"","callNumber":"","videoRecordingFormat":"","relations":{}},{"date":"","itemType":"webpage","abstractNote":"","creators":[{"firstName":"","lastName":"","creatorType":"author"}],"language":"","shortTitle":"","title":"","url":"","websiteType":"","tags":[],"accessDate":"","collections":[],"rights":"","extra":"","relations":{},"websiteTitle":""}]